date;skyCover_7h;skyCover_14h;skyCover_19h;temp_7h;temp_14h;temp_19h;temp_dailyMean;temp_dailyMax;temp_dailyMin;hum_7h;hum_14h;hum_19h;windBeauf_7h;windBeauf_14h;windBeauf_19h;precip
2015-01-01;10;10;10;-3.2;2.5;3.5;-0.3;3.6;-4.2;85;93;85;1;4;3;0.1
2015-01-02;6;9;10;1.3;9.0;5.1;4.7;9.2;0.2;95;48;89;2;5;4;4.1
2015-01-03;6;10;10;4.5;5.9;3.1;4.7;6.3;3.1;66;53;86;4;3;2;13.8
2015-01-04;7;8;9;2.5;4.5;2.9;2.6;4.7;0.4;90;60;81;5;4;4;0.3
2015-01-05;8;10;10;2.2;1.6;1.2;2.1;3.2;1.0;70;95;98;4;4;4;13
2015-01-06;4;2;0;;2.9;-1.7;0.8;3.4;-1.8;85;62;81;3;2;2;0
2015-01-07;9;10;10;-2.9;-1.4;-2.9;-2.5;-1.1;-3.9;69;74;97;2;2;2;1.5
2015-01-08;10;10;10;-3.5;-1.6;-1.0;-2.4;-0.9;-3.9;94;90;91;2;2;2;0.1
2015-01-09;6;10;8;4.4;;9.0;5.2;11.3;-1.0;71;61;74;2;4;5;5.3
2015-01-10;10;6;9;10.6;17.6;16.2;13.1;17.7;8.5;96;50;51;3;6;4;3.9
2015-01-11;10;10;4;;4.9;4.2;10.1;16.3;3.9;89;65;58;3;4;4;6.2
2015-01-12;9;9;9;4.4;7.2;6.5;5.3;7.5;3.0;74;56;54;4;4;2;Spuren
2015-01-13;9;4;2;3.2;11.0;2.5;6.4;11.2;1.5;54;40;85;2;2;1;0
2015-01-14;2;7;10;0.2;5.5;5.1;3.6;7.3;-0.2;97;76;88;2;1;3;1.2
2015-01-15;4;8;5;0.7;6.1;40.0;3.3;6.5;0.1;88;63;88;2;3;2;0
2015-01-16;10;9;6;3.3;4.8;2.3;3.8;5.2;2.3;96;85;94;2;1;1;0
2015-01-17;9;10;10;3.3;7.0;4.7;4.3;7.1;1.4;97;73;95;0;2;3;0.6
2015-01-18;9;6;9;3.8;5.2;3.7;4.7;6.0;3.4;86;75;85;1;2;2;0
2015-01-19;10;9;10;2.2;;3.2;3.0;3.9;2.1;92;84;89;2;1;1;0
2015-01-20;10;10;9;;4.0;3.3;3.1;4.4;1.8;97;85;81;3;2;2;0
2015-01-21;9;10;10;2.1;3.7;4.7;2.4;4.8;0.0;73;78;88;2;2;3;0
2015-01-22;10;10;10;5.3;6.6;;5.6;6.9;4.3;94;85;83;3;3;3;Spuren
2015-01-23;10;10;10;4.3;4.7;4.3;5.2;6.6;3.8;91;86;88;2;3;4;0
2015-01-24;10;10;10;2.6;3.2;2.5;3.2;4.4;2.0;83;73;83;3;4;3;8.5
2015-01-25;10;10;7;-0.1;1.8;2.5;1.2;2.6;-0.3;94;93;71;5;4;4;1
2015-01-26;9;8;1;;2.4;0.6;1.9;3.5;0.2;76;66;81;2;2;3;1.1
2015-01-27;10;8;7;-0.2;3.5;2.8;0.6;3.6;-2.5;99;82;74;2;4;4;2.1
2015-01-28;1;3;3;0.7;5.1;0.7;2.9;5.3;0.4;87;62;84;3;3;2;0.6
2015-01-29;10;10;8;0.4;;1.5;2.2;4.7;-0.3;97;55;92;2;3;2;0.3
2015-01-30;9;10;9;2.8;2.0;1.3;1.5;3.1;-0.1;92;97;76;3;4;4;7.2
2015-01-31;9;9;2;1.2;4.4;;2.0;5.5;-1.5;80;55;79;3;2;2;Spuren
2015-02-01;9;9;9;-2.8;2.6;0.4;-0.3;2.9;-3.5;99;73;91;1;1;1;0
2015-02-02;4;6;8;0.4;40.0;40.0;2.7;5.6;-0.3;75;60;83;4;3;4;0.9
2015-02-03;1;4;8;-0.1;5.2;0.7;2.4;5.7;-0.9;79;42;87;3;2;2;0
2015-02-04;10;9;2;-0.1;1.5;-0.2;-0.4;2.0;-2.8;89;70;72;1;2;3;0
2015-02-05;1;10;2;-2.6;-0.2;-0.7;-1.2;0.7;-3.1;78;76;77;2;2;2;0
2015-02-06;3;4;3;-2.4;1.1;-1.7;-0.8;1.3;-2.8;79;60;66;3;4;3;0
2015-02-07;6;1;1;-2.9;1.6;-0.6;-0.5;1.9;-2.9;71;53;60;3;2;2;0
2015-02-08;9;9;2;-0.8;0.5;-0.7;0.6;2.7;-1.6;72;55;53;4;4;4;0.9
2015-02-09;9;10;10;-0.3;-40.0;0.8;-0.8;0.8;-2.3;55;96;97;4;5;6;17.2
2015-02-10;10;10;9;3.2;4.9;4.5;2.9;5.0;0.8;92;73;75;4;4;3;0.3
2015-02-11;10;10;10;3.2;3.7;2.7;3.9;5.0;2.7;84;83;89;2;2;2;0
2015-02-12;10;4;0;2.2;7.2;3.4;4.8;7.6;1.9;91;71;83;2;4;3;0
2015-02-13;0;0;0;-1.0;6.3;3.2;2.6;6.4;-1.3;98;63;78;2;3;3;0
2015-02-14;0;1;2;-0.6;6.1;4.2;2.8;6.5;-0.9;91;71;81;3;3;3;0
2015-02-15;9;1;0;2.7;8.3;5.2;5.8;9.0;2.6;90;71;80;3;4;2;0
2015-02-16;1;0;0;-0.8;9.4;;4.6;10.0;-0.8;94;50;65;1;3;3;0
2015-02-17;5;6;7;0.0;5.1;1.6;3.0;5.9;0.0;87;70;84;3;4;3;0
2015-02-18;10;10;10;-0.2;2.1;1.9;1.1;2.4;-0.3;96;81;79;2;2;1;0
2015-02-19;10;9;1;1.1;;1.4;3.0;4.9;1.0;85;78;91;2;2;1;0
2015-02-20;4;1;3;-2.5;7.9;40.0;2.8;8.4;-2.8;99;59;83;2;2;2;0
2015-02-21;10;0;3;0.7;8.9;4.8;5.2;9.9;0.4;80;48;66;1;1;1;0
2015-02-22;9;10;10;-0.5;7.2;3.9;3.4;7.7;-1.0;97;63;98;1;2;1;3.1
2015-02-23;10;9;1;3.7;7.3;5.8;5.7;7.9;3.4;93;90;94;1;3;2;0.6
2015-02-24;10;10;10;3.9;6.4;5.9;5.0;6.8;3.2;99;93;96;1;2;3;11.4
2015-02-25;10;10;10;3.2;6.5;7.0;5.4;7.6;3.1;94;81;61;4;3;3;3
2015-02-26;10;10;9;4.1;6.3;5.7;5.6;7.1;4.1;77;71;72;3;2;2;Spuren
2015-02-27;10;1;8;2.9;10.2;5.9;5.6;10.5;0.6;95;57;84;2;3;2;0
2015-02-28;8;9;7;4.0;8.9;5.2;6.6;9.2;3.9;84;61;71;3;4;2;0
2015-03-01;3;9;9;-1.1;40.0;6.7;4.1;9.4;-1.2;99;56;95;2;1;2;0.9
2015-03-02;10;10;1;7.2;6.4;6.0;9.8;13.5;6.0;93;85;72;1;4;5;5.7
2015-03-03;7;3;0;;40.0;5.0;6.3;10.0;2.6;76;46;58;3;4;2;0
2015-03-04;8;4;6;;8.5;5.2;4.5;8.9;0.0;56;61;68;3;2;3;0.5
2015-03-05;7;9;9;2.8;6.1;5.1;5.1;7.6;2.6;72;60;63;3;3;3;Spuren
2015-03-06;4;8;1;40.0;7.2;4.9;4.8;7.6;1.9;74;47;55;3;3;2;0
2015-03-07;9;7;7;40.0;9.8;6.8;7.3;10.5;4.0;74;52;65;2;2;1;0
2015-03-08;4;5;5;-1.0;11.1;7.5;5.1;11.6;-1.5;94;34;43;1;3;3;0
2015-03-09;9;7;3;2.5;11.7;7.7;6.9;12.8;0.9;68;38;50;2;3;2;0
2015-03-10;5;2;2;40.0;13.0;8.0;7.1;14.3;-0.1;87;44;60;0;2;2;0
2015-03-11;10;10;8;7.8;4.7;4.8;6.9;9.9;3.9;73;89;67;3;3;3;10.3
2015-03-12;9;9;10;3.3;6.6;5.7;5.4;7.4;3.3;70;55;59;4;3;3;0
2015-03-13;10;10;10;40.0;4.8;5.0;4.8;5.8;3.7;73;79;78;3;3;2;Spuren
2015-03-14;10;10;10;3.0;5.1;3.9;4.2;5.4;2.9;86;75;85;2;2;1;0.2
2015-03-15;9;10;10;3.0;7.8;7.8;5.6;8.8;2.4;94;78;77;2;3;2;Spuren
2015-03-16;8;9;9;5.5;12.0;10.4;8.8;13.0;4.5;87;57;63;3;4;3;0
2015-03-17;9;9;2;5.2;13.0;8.7;9.3;13.7;4.9;84;43;59;2;3;2;0
2015-03-18;1;1;0;;12.1;;7.6;12.7;2.5;59;36;49;2;3;2;0
2015-03-19;0;0;0;2.4;10.9;7.2;6.4;11.6;1.2;69;43;57;1;2;2;0
2015-03-20;0;0;0;;10.3;7.4;5.7;11.8;-0.4;82;45;51;1;2;2;0
2015-03-21;1;1;6;;13.6;11.0;7.2;15.4;-1.0;86;40;53;1;2;1;Spuren
2015-03-22;10;9;9;7.7;9.0;5.1;8.1;11.1;5.1;65;58;64;2;3;3;0
2015-03-23;1;1;4;-0.1;9.3;8.7;5.0;11.2;-1.2;76;47;60;1;2;2;0
2015-03-24;0;1;1;5.4;16.1;12.1;10.7;16.7;4.6;74;43;60;2;3;2;0
2015-03-25;2;10;10;5.6;15.8;13.9;10.1;15.9;4.2;86;49;60;1;4;3;0.6
2015-03-26;9;9;9;9.4;13.7;12.8;12.4;15.5;9.2;83;75;72;2;1;2;3.4
2015-03-27;10;10;9;6.5;10.3;9.2;9.5;12.9;6.0;89;57;61;3;3;4;0.5
2015-03-28;9;9;2;7.4;10.3;6.7;8.6;10.4;6.7;62;44;56;4;3;2;0.4
2015-03-29;10;8;9;6.7;14.8;12.3;8.5;15.3;1.7;90;59;69;2;3;3;2
2015-03-30;10;5;9;7.9;11.8;5.6;8.8;13.4;4.2;80;49;87;3;4;3;8.5
2015-03-31;10;9;10;4.7;14.3;9.8;10.1;15.9;4.2;82;64;82;2;4;3;7.4
2015-04-01;9;7;5;40.0;7.5;5.1;5.8;9.8;1.7;70;54;60;4;4;3;2.3
2015-04-02;9;10;9;4.9;6.7;;5.7;8.7;2.6;71;75;72;5;4;3;2.3
2015-04-03;9;7;9;3.0;10.2;7.7;6.3;10.4;2.1;66;36;44;4;4;3;Spuren
2015-04-04;7;9;9;4.5;10.8;6.8;5.6;10.8;0.3;60;33;40;1;2;1;0
2015-04-05;2;9;7;2.6;;6.2;4.6;8.3;0.8;66;41;44;2;2;3;0.3
2015-04-06;4;4;9;3.9;8.6;3.7;5.8;9.0;2.5;61;31;66;3;3;3;Spuren
2015-04-07;1;9;9;3.3;9.8;9.0;6.1;10.7;1.5;64;38;42;4;4;4;0.6
2015-04-08;10;10;9;6.1;;9.4;8.3;10.7;5.9;70;65;66;4;3;3;0.1
2015-04-09;9;0;6;;14.2;11.2;10.8;14.9;6.7;72;46;53;2;2;3;0
2015-04-10;8;1;3;6.3;19.3;15.8;11.6;20.2;3.0;77;42;44;0;3;2;0
2015-04-11;3;8;9;9.0;20.2;13.6;13.7;22.0;5.4;67;42;73;1;2;4;0.9
2015-04-12;6;9;2;53.6;74.4;14.7;15.6;19.3;11.8;64;42;54;3;2;1;0
2015-04-13;4;9;9;10.7;18.7;12.9;13.8;20.5;7.0;72;38;60;1;5;2;0.3
2015-04-14;9;9;6;40.0;16.7;13.6;12.7;18.2;7.1;48;29;32;2;3;2;0
2015-04-15;5;4;6;16.5;23.1;20.4;17.2;24.6;9.7;44;30;31;4;4;3;0
2015-04-16;6;9;9;12.1;24.8;;17.8;25.9;9.7;62;21;36;1;4;2;0
2015-04-17;9;9;10;13.9;18.7;10.7;15.6;20.4;10.7;62;56;88;2;1;2;7.8
2015-04-18;6;6;2;7.0;11.8;7.6;8.8;11.8;5.7;64;39;51;3;3;3;Spuren
2015-04-19;9;1;6;5.5;13.6;10.8;9.1;14.1;4.0;66;36;50;0;2;1;0
2015-04-20;3;1;6;8.9;17.3;15.8;11.5;17.9;5.0;53;32;38;3;4;3;0
2015-04-21;7;1;1;9.8;19.2;18.9;14.5;20.7;8.3;52;27;22;3;4;4;0
2015-04-22;1;9;1;13.6;18.9;;15.4;19.7;11.1;43;30;46;2;2;2;0
2015-04-23;7;3;8;11.7;19.5;10.7;14.8;21.3;8.2;60;36;63;2;3;4;Spuren
2015-04-24;1;5;1;11.5;18.9;15.4;14.6;20.7;8.5;57;31;46;2;2;1;0
2015-04-25;1;5;7;10.4;23.3;19.4;15.5;24.3;6.6;72;36;40;1;2;2;0
2015-04-26;8;8;7;16.8;21.7;17.9;18.3;23.5;13.0;;;;2;3;2;0
2015-04-27;8;7;6;13.0;25.0;21.1;17.8;25.7;9.9;80;39;40;2;3;4;0
2015-04-28;7;10;10;14.4;12.0;7.5;14.3;21.1;7.5;68;87;86;1;5;5;7.2
2015-04-29;1;5;8;8.0;15.1;11.9;11.0;15.4;6.5;64;30;38;4;3;2;0
2015-04-30;9;10;10;7.4;16.7;11.5;11.0;18.0;3.9;66;43;70;1;2;2;0.4
2015-05-01;10;10;10;40.0;15.4;11.6;11.8;16.1;7.5;83;56;87;1;2;2;3.8
2015-05-02;10;9;10;10.6;14.6;12.9;13.0;15.6;10.3;93;65;72;2;3;2;0.2
2015-05-03;10;10;10;10.7;13.7;12.6;11.1;13.7;8.5;87;78;84;2;3;2;0.9
2015-05-04;9;8;10;13.5;;18.1;17.6;23.8;11.4;91;53;92;2;3;2;1.7
2015-05-05;9;8;9;16.0;25.6;22.7;20.4;26.7;14.1;91;54;65;2;3;2;0
2015-05-06;8;10;9;19.3;18.7;;18.4;22.7;14.1;65;69;79;2;4;4;0.8
2015-05-07;1;4;4;15.3;19.8;17.3;16.8;21.5;12.1;61;42;59;3;3;2;Spuren
2015-05-08;9;4;8;13.6;22.8;20.6;17.5;24.0;11.0;63;45;41;1;3;3;0
2015-05-09;9;9;9;15.9;18.9;17.0;16.8;21.7;11.8;64;63;68;2;4;3;0.4
2015-05-10;8;9;1;15.2;19.6;17.9;17.4;21.1;13.6;66;37;40;4;3;3;0
2015-05-11;2;4;1;12.2;19.4;15.6;14.6;20.6;8.6;58;31;43;2;2;2;0
2015-05-12;5;8;9;11.8;25.2;21.5;16.0;25.7;6.3;68;30;43;1;3;2;0.2
2015-05-13;9;4;9;16.0;22.0;20.3;18.5;23.4;13.6;80;52;62;0;2;0;2.4
2015-05-14;6;6;7;15.3;20.4;16.8;17.0;21.0;13.0;80;47;54;4;3;1;Spuren
2015-05-15;10;10;10;13.2;15.8;14.3;14.7;17.1;12.3;66;62;73;2;2;2;0
2015-05-16;9;4;5;13.4;22.6;19.9;16.7;23.2;10.1;82;34;46;1;2;3;0
2015-05-17;9;8;4;15.1;19.1;16.8;17.4;19.9;14.8;58;58;60;3;2;3;0.1
2015-05-18;7;6;2;12.4;23.3;21.1;16.5;24.6;8.4;65;42;52;1;3;3;0
2015-05-19;1;9;9;16.8;20.2;17.8;18.1;23.7;12.5;76;57;64;1;4;2;3.4
2015-05-20;8;10;9;15.7;14.1;11.2;15.5;19.8;11.2;82;76;80;2;4;3;2.5
2015-05-21;10;10;9;10.1;12.9;13.2;11.5;13.3;9.6;87;78;71;3;3;3;Spuren
2015-05-22;10;10;10;12.5;13.6;13.8;13.8;15.5;12.1;68;77;72;4;3;3;8.5
2015-05-23;10;10;10;10.9;12.2;11.8;12.4;14.0;10.8;91;93;91;3;3;3;13.6
2015-05-24;10;10;9;11.1;13.1;13.2;12.6;14.4;10.8;93;88;86;2;2;3;Spuren
2015-05-25;9;10;10;13.2;19.4;17.2;15.8;20.0;11.6;82;54;71;3;3;3;0.2
2015-05-26;9;10;10;14.8;14.8;12.7;14.9;17.2;12.6;77;90;82;4;3;3;8
2015-05-27;3;9;6;11.8;13.9;12.6;12.5;15.2;9.7;65;56;52;4;3;3;0.1
2015-05-28;9;2;3;11.5;17.2;15.0;14.4;18.4;10.4;66;46;56;2;2;2;0
2015-05-29;9;4;8;49.2;22.5;84.4;15.6;24.1;7.1;74;44;51;1;3;3;0
2015-05-30;5;6;10;17.8;24.7;17.4;19.5;25.4;13.5;70;38;80;1;3;2;0.9
2015-05-31;6;7;9;15.6;23.3;20.8;17.9;23.6;12.1;58;47;54;1;2;3;Spuren
2015-06-01;8;9;9;18.6;26.6;24.1;20.8;26.9;14.7;73;45;50;1;3;2;0
2015-06-02;2;2;1;21.6;27.3;24.9;22.5;28.5;16.4;58;37;49;2;2;2;0
2015-06-03;3;4;3;21.1;30.0;;24.0;31.2;16.8;68;35;41;1;2;2;0
2015-06-04;1;1;1;21.2;26.9;24.1;23.9;27.6;20.1;;;;3;3;2;0
2015-06-05;0;1;0;19.2;25.8;23.5;21.1;26.9;15.2;51;37;54;2;1;2;0
2015-06-06;0;1;1;21.2;28.8;26.5;22.5;29.4;15.5;66;46;50;2;3;3;0
2015-06-07;6;3;1;22.6;29.8;26.7;23.6;30.2;17.0;63;42;43;0;3;2;0
2015-06-08;2;4;3;21.9;28.5;24.9;23.9;29.8;18.0;62;35;54;2;2;3;0
2015-06-09;4;6;7;18.5;25.1;20.2;21.4;25.6;17.1;60;52;66;2;3;3;0
2015-06-10;1;5;6;15.6;23.8;22.6;19.6;25.6;13.5;70;50;55;3;2;2;0
2015-06-11;3;2;7;18.3;26.9;24.8;21.5;28.1;14.9;63;44;54;2;1;2;0
2015-06-12;1;1;1;93.2;31.3;28.8;24.7;32.3;17.1;66;36;36;2;4;3;0
2015-06-13;2;7;9;21.9;29.6;24.4;24.3;30.5;18.1;68;42;48;1;2;4;1
2015-06-14;8;7;9;21.7;28.2;20.3;23.6;30.5;16.6;69;43;89;1;3;1;1.3
2015-06-15;4;10;10;20.2;19.9;19.4;19.7;23.2;16.2;72;80;74;3;3;2;0.3
2015-06-16;9;9;7;16.3;21.0;20.0;18.7;22.0;15.3;64;45;42;3;3;2;0
2015-06-17;2;9;9;15.7;16.6;17.2;16.5;20.0;12.9;54;48;47;3;3;2;0
2015-06-18;5;9;9;18.0;20.9;20.1;16.9;23.5;10.3;48;45;52;2;3;4;0.2
2015-06-19;9;10;9;17.0;17.2;14.7;17.4;20.1;14.7;71;65;82;2;2;3;0.4
2015-06-20;9;8;9;13.4;15.2;12.8;14.8;17.7;11.9;76;70;82;3;4;3;1.8
2015-06-21;9;9;8;12.7;17.5;13.8;15.0;19.0;10.9;74;52;86;3;2;3;0.6
2015-06-22;9;9;10;14.8;24.9;16.8;18.0;25.9;10.1;76;39;79;1;3;4;6.1
2015-06-23;10;9;5;13.6;15.4;17.0;16.3;20.0;12.5;85;74;57;2;2;3;0.6
2015-06-24;9;8;9;14.4;76.8;16.2;16.4;20.8;12.0;69;50;70;2;3;3;0.1
2015-06-25;1;3;7;16.7;22.3;21.3;16.7;23.3;10.1;63;39;42;1;2;2;0
2015-06-26;1;5;9;;24.6;23.3;19.7;26.1;13.3;50;35;45;1;2;2;Spuren
2015-06-27;10;9;9;19.8;19.3;19.2;21.8;25.3;18.3;64;88;70;1;2;4;11.3
2015-06-28;8;4;2;;24.2;22.1;20.2;25.0;15.3;83;37;37;4;3;3;0
2015-06-29;8;7;1;18.0;22.3;21.5;18.5;24.4;12.6;68;45;53;1;2;2;Spuren
2015-06-30;9;8;8;18.4;27.3;24.7;20.8;28.4;13.1;70;30;48;1;2;1;0
2015-07-01;3;4;5;21.3;29.5;27.4;22.8;30.3;15.3;69;33;40;1;1;2;0
2015-07-02;1;4;1;22.3;30.3;28.1;24.5;31.3;17.6;54;36;35;2;2;2;0
2015-07-03;0;1;1;23.9;30.1;27.8;24.8;31.2;18.4;50;36;44;2;3;3;0
2015-07-04;7;1;1;23.7;32.4;28.4;25.5;32.6;18.4;60;30;35;1;3;2;0
2015-07-05;8;2;4;22.8;34.6;30.6;27.2;36.2;18.2;64;22;30;1;1;2;0
2015-07-06;6;7;1;24.7;32.5;30.1;26.5;33.6;19.4;;;;1;4;3;Spuren
2015-07-07;0;3;9;25.7;140.4;30.6;28.7;36.4;20.9;;;;1;2;2;Spuren
2015-07-08;3;10;10;27.9;21.0;17.1;23.9;30.6;17.1;47;89;91;2;1;3;13.3
2015-07-09;3;6;3;18.7;23.7;16.1;19.8;24.2;15.4;66;37;83;3;4;3;3
2015-07-10;5;5;3;16.7;23.0;21.7;19.3;24.5;14.1;54;37;38;2;3;2;Spuren
2015-07-11;0;2;3;17.5;26.1;24.0;19.6;27.7;11.4;45;31;40;1;2;2;0
2015-07-12;1;9;8;20.0;121.6;28.1;23.2;31.6;14.8;68;31;33;1;3;2;0.5
2015-07-13;10;9;9;16.9;23.2;21.0;22.3;28.1;16.5;84;50;59;2;4;4;0.8
2015-07-14;9;9;8;;21.7;21.5;21.3;24.5;18.0;83;80;77;3;3;3;2
2015-07-15;7;6;2;22.0;27.8;24.6;24.4;28.5;20.2;66;43;54;3;2;1;Spuren
2015-07-16;1;3;1;;31.8;29.1;24.7;32.5;16.8;57;37;47;1;2;3;0
2015-07-17;3;2;3;24.5;34.7;31.0;28.0;35.1;20.8;72;23;38;1;2;1;0.2
2015-07-18;9;1;5;25.4;34.5;30.6;29.1;35.9;22.2;;;;1;2;2;0
2015-07-19;3;3;8;26.4;36.2;33.2;29.7;37.1;22.3;;;;1;2;3;1.3
2015-07-20;7;6;3;23.6;;27.7;27.1;33.2;20.9;70;46;49;3;3;1;0
2015-07-21;1;9;6;24.8;33.8;;27.6;34.9;20.2;66;35;38;1;2;2;0
2015-07-22;0;1;0;27.7;36.5;32.9;29.7;36.9;22.5;;;;1;2;3;0
2015-07-23;5;9;7;28.0;28.8;26.7;29.2;33.1;25.3;;;;2;3;2;0.1
2015-07-24;3;5;7;23.8;33.3;123.2;27.6;34.2;21.0;59;41;43;1;3;2;Spuren
2015-07-25;8;6;10;23.4;28.7;26.3;26.9;30.8;23.0;;;;1;4;2;1.8
2015-07-26;7;2;3;16.8;24.5;22.3;21.2;26.3;16.1;56;32;35;3;2;1;0.1
2015-07-27;9;7;7;17.3;20.2;18.3;20.8;25.3;16.3;78;78;92;1;2;1;5.4
2015-07-28;7;9;7;18.4;25.2;23.1;20.7;26.7;14.7;70;39;51;2;3;3;4.4
2015-07-29;10;7;9;14.4;19.9;18.9;18.6;23.1;14.1;93;70;76;2;2;2;1.4
2015-07-30;9;5;6;16.9;23.4;21.7;20.4;25.2;15.5;74;38;43;3;2;3;0
2015-07-31;8;9;2;18.2;24.2;21.3;21.4;25.8;17.0;60;29;36;1;2;1;0
2015-08-01;5;4;9;16.9;27.6;24.6;20.3;28.2;12.4;58;30;42;2;4;3;0.9
2015-08-02;10;8;7;17.6;21.5;19.3;21.0;24.6;17.4;81;72;77;2;2;2;0.3
2015-08-03;9;3;4;18.8;28.4;26.1;23.7;29.5;17.8;84;49;56;1;2;1;0.1
2015-08-04;0;3;1;21.5;31.3;116.0;25.5;32.3;18.6;79;43;48;1;3;3;0
2015-08-05;6;1;2;23.5;;117.2;27.5;33.0;21.9;58;38;44;3;2;1;0
2015-08-06;0;4;1;24.0;34.6;30.6;27.7;35.2;20.1;69;31;35;0;3;2;0
2015-08-07;0;1;0;24.9;35.4;31.6;28.8;36.4;21.1;;;;0;3;2;0
2015-08-08;0;1;1;25.2;36.4;32.2;29.1;36.6;21.6;;;;1;3;3;0
2015-08-09;0;2;2;25.0;36.1;30.9;28.8;36.6;21.0;;;;0;3;3;0
2015-08-10;1;5;1;24.7;34.7;30.4;27.8;35.4;20.1;;;;1;3;2;0
2015-08-11;8;5;4;23.6;;29.9;28.3;36.2;20.4;;;;1;3;2;0
2015-08-12;4;3;9;23.4;35.4;31.8;28.9;36.9;20.8;53;25;36;1;1;2;0
2015-08-13;1;1;3;25.7;36.0;31.1;29.6;36.4;22.7;;;;1;1;2;0
2015-08-14;1;6;1;25.4;34.1;;28.7;35.9;21.5;;;;1;3;3;0
2015-08-15;6;5;8;24.3;30.9;28.0;28.0;32.4;23.5;;;;2;2;1;1.1
2015-08-16;9;6;10;20.9;29.2;23.6;24.6;29.8;19.4;79;45;62;2;2;4;21.2
2015-08-17;10;9;9;17.7;20.3;18.9;20.6;23.6;17.5;93;71;73;2;4;3;6.5
2015-08-18;10;10;6;15.9;19.1;18.0;18.0;20.2;15.7;90;64;77;3;2;2;0.7
2015-08-19;9;10;10;16.4;18.3;18.1;16.5;18.6;14.3;80;80;77;3;2;2;13.4
2015-08-20;10;8;9;14.7;18.8;17.8;17.4;20.2;14.5;94;69;66;1;2;3;0.1
2015-08-21;8;8;9;17.2;23.2;20.3;20.1;23.7;16.5;78;45;62;2;2;1;0
2015-08-22;5;4;2;16.3;24.1;21.3;19.3;24.4;14.1;69;39;55;1;1;2;0
2015-08-23;10;8;6;15.5;22.6;21.2;18.7;23.7;13.7;91;57;61;2;4;3;0
2015-08-24;8;4;3;17.7;28.7;24.5;22.7;29.2;16.2;81;39;51;3;4;4;Spuren
2015-08-25;10;9;8;19.1;20.6;19.4;20.6;24.5;16.7;66;54;56;4;3;2;Spuren
2015-08-26;1;4;1;15.4;24.9;21.8;18.9;26.4;11.4;71;32;44;1;2;2;0
2015-08-27;1;9;6;16.5;28.5;24.8;21.5;29.4;13.5;79;47;66;1;2;3;0
2015-08-28;10;8;3;;29.8;26.2;24.5;31.8;17.2;98;43;56;1;2;2;0
2015-08-29;3;1;1;;32.7;27.8;26.1;33.3;18.9;73;38;49;0;2;2;0
2015-08-30;7;3;1;21.5;35.0;29.7;27.5;35.6;19.3;77;26;42;1;3;3;0
2015-08-31;0;0;0;20.9;34.8;28.4;26.7;35.2;18.1;80;23;34;1;3;2;0
2015-09-01;0;1;3;;32.7;27.7;25.5;33.3;17.7;;;;1;2;2;0.1
2015-09-02;9;9;10;17.9;22.1;16.8;22.0;27.7;16.2;82;51;88;3;2;2;2.5
2015-09-03;9;8;10;15.9;21.9;20.4;18.3;23.1;13.5;74;55;64;1;2;2;9.7
2015-09-04;9;8;7;15.2;20.9;19.5;19.0;23.4;14.6;83;53;56;3;2;1;1.1
2015-09-05;9;10;10;15.4;;13.3;16.3;19.6;12.9;90;73;80;0;3;4;0.9
2015-09-06;9;3;1;13.6;16.8;14.5;15.2;17.8;12.6;72;52;56;4;4;4;Spuren
2015-09-07;7;9;9;12.5;;13.9;13.9;16.1;11.6;64;57;69;4;3;4;0.2
2015-09-08;7;6;3;12.5;19.0;15.4;15.1;19.3;10.9;74;34;49;3;3;2;0
2015-09-09;8;8;10;12.2;15.0;12.0;13.4;16.6;10.2;77;68;91;0;3;1;4
2015-09-10;7;6;6;11.9;19.3;15.8;15.3;20.5;10.0;92;46;63;1;2;2;0.1
2015-09-11;10;9;5;13.7;18.1;15.7;16.1;19.1;13.1;88;71;83;2;3;2;0.1
2015-09-12;10;1;4;13.2;22.0;20.5;18.5;23.9;13.1;91;58;60;2;2;2;0
2015-09-13;5;9;8;14.4;23.1;21.2;18.5;24.1;12.9;83;52;59;2;4;3;0
2015-09-14;7;10;9;18.1;21.3;17.5;19.4;22.4;16.3;71;65;77;1;3;4;1.9
2015-09-15;9;8;9;16.2;20.8;19.4;17.3;21.3;13.2;75;69;81;2;3;2;0
2015-09-16;6;3;6;14.4;28.3;24.0;20.8;28.5;13.1;94;41;60;1;3;2;0
2015-09-17;7;6;9;17.3;32.6;28.0;24.4;33.5;15.2;85;31;50;1;1;3;0
2015-09-18;3;7;6;16.7;24.1;15.5;21.6;28.0;15.1;67;38;82;0;2;2;1.2
2015-09-19;8;9;10;15.9;21.9;19.1;18.4;22.7;14.0;72;45;66;3;2;2;5.2
2015-09-20;7;7;7;15.3;19.5;15.5;17.8;20.8;14.8;71;44;60;4;4;3;Spuren
2015-09-21;1;9;1;12.5;17.9;;14.9;19.1;10.6;67;50;70;2;2;1;0
2015-09-22;3;3;9;9.1;22.5;17.9;15.1;22.8;7.4;87;34;54;1;3;3;0
2015-09-23;9;9;10;13.4;53.2;11.7;14.8;17.9;11.7;79;73;86;1;4;4;0.3
2015-09-24;1;8;7;12.0;14.8;13.7;13.5;15.6;11.4;75;71;74;4;4;4;0
2015-09-25;10;10;10;14.1;13.0;12.8;14.0;15.4;12.5;70;85;93;4;4;3;22.3
2015-09-26;10;9;7;13.4;16.0;14.1;14.6;16.4;12.7;84;54;60;3;3;2;Spuren
2015-09-27;7;7;9;12.1;17.0;14.4;14.3;17.1;11.5;70;48;53;3;3;2;0
2015-09-28;2;3;3;12.0;16.2;13.8;14.5;17.6;11.3;65;37;49;3;3;3;0
2015-09-29;1;9;4;10.3;;;13.0;16.2;9.7;72;56;52;3;2;2;Spuren
2015-09-30;7;9;9;9.1;12.9;11.3;11.3;13.7;8.9;71;54;61;1;2;2;0
2015-10-01;1;1;1;6.8;16.2;11.4;11.0;16.5;5.5;84;47;65;1;3;2;0
2015-10-02;1;0;0;6.4;18.8;15.1;12.1;19.2;4.9;87;45;61;1;3;3;0
2015-10-03;8;6;3;12.0;20.5;17.4;15.7;20.7;10.7;77;57;69;2;3;3;0
2015-10-04;10;8;7;12.1;16.6;13.5;14.1;17.4;10.8;96;74;89;1;1;1;Spuren
2015-10-05;8;1;1;13.7;19.9;14.2;16.8;20.4;13.1;80;61;86;3;2;2;0
2015-10-06;10;10;9;11.4;17.5;15.9;13.9;17.9;9.8;98;79;86;1;2;2;0.1
2015-10-07;10;10;10;13.8;14.4;14.4;14.8;16.0;13.6;95;97;97;2;2;2;10.2
2015-10-08;10;10;10;13.7;14.0;12.9;13.7;14.4;12.9;97;91;94;2;3;3;2.5
2015-10-09;10;10;10;13.4;;11.8;13.7;15.6;11.8;89;92;93;3;1;1;0
2015-10-10;10;10;10;8.7;10.1;7.6;9.9;12.1;7.6;80;81;95;1;2;2;8.5
2015-10-11;10;10;10;4.6;8.4;8.0;6.5;8.5;4.4;82;58;54;2;3;3;Spuren
2015-10-12;9;4;0;3.1;7.9;3.1;5.3;8.1;2.5;70;59;82;3;2;2;0
2015-10-13;10;10;10;2.0;6.0;7.4;3.8;7.4;0.1;88;86;87;2;2;3;6.1
2015-10-14;10;10;10;8.5;9.1;7.9;8.0;9.1;6.9;98;90;97;1;1;1;14.8
2015-10-15;10;10;10;10.3;11.5;11.8;9.9;11.8;7.9;98;97;98;2;3;2;6.6
2015-10-16;10;10;10;8.5;8.5;7.8;10.0;12.1;7.8;91;96;91;1;2;2;4.8
2015-10-17;9;8;9;6.8;11.4;40.0;8.8;11.8;5.7;80;61;84;3;2;0;0
2015-10-18;10;10;9;6.4;8.5;8.2;6.5;8.9;4.0;95;91;93;1;1;1;Spuren
2015-10-19;9;10;10;7.3;;;8.0;9.3;6.6;90;90;94;1;3;3;25
2015-10-20;10;6;9;7.5;10.0;8.3;9.2;10.9;7.5;93;70;79;3;3;3;0.6
2015-10-21;8;8;9;8.2;;8.7;9.5;11.3;7.6;88;78;88;3;3;3;0.1
2015-10-22;9;8;5;8.7;11.7;;9.6;11.7;7.5;82;61;75;2;2;3;0.3
2015-10-23;9;6;2;10.0;14.1;11.5;11.9;14.7;9.1;90;72;82;3;2;3;Spuren
2015-10-24;1;1;0;3.9;14.1;8.9;8.9;14.4;3.4;99;65;92;2;3;2;0
2015-10-25;10;9;9;6.6;14.0;11.4;9.6;14.5;4.7;100;75;90;0;1;1;0
2015-10-26;3;7;10;6.8;13.5;11.3;10.6;14.5;6.7;96;73;83;1;3;2;0
2015-10-27;9;7;4;9.4;13.6;11.3;11.5;13.7;9.3;88;63;69;3;4;3;0
2015-10-28;10;10;10;9.5;10.2;9.3;9.8;11.3;8.2;86;83;87;4;4;3;0
2015-10-29;10;10;9;8.7;10.9;10.6;10.0;11.2;8.7;93;84;87;3;1;1;0
2015-10-30;10;9;0;8.9;12.9;8.9;10.3;13.1;7.5;92;74;89;1;2;2;0
2015-10-31;10;0;0;5.1;13.5;10.6;8.9;13.6;4.2;99;64;73;1;3;3;0
2015-11-01;0;1;1;6.8;12.6;;10.0;13.3;6.6;46;37;62;3;4;2;0
2015-11-02;4;1;0;1.3;11.3;6.7;6.3;11.7;0.8;86;50;70;1;2;2;0
2015-11-03;5;5;3;1.3;9.6;8.3;5.5;10.3;0.7;93;65;74;2;2;2;0
2015-11-04;10;4;3;3.9;6.4;;5.1;8.4;1.8;92;80;94;1;2;0;0
2015-11-05;5;1;2;0.5;13.6;6.4;7.7;15.1;0.3;99;68;94;0;2;0;0
2015-11-06;3;9;0;2.7;12.6;8.0;7.8;13.1;2.4;100;70;91;1;1;2;0
2015-11-07;5;9;6;6.6;15.8;14.9;11.2;16.1;6.2;96;79;85;1;4;3;0.2
2015-11-08;6;8;1;16.8;;13.5;17.1;20.7;13.4;78;64;90;4;3;2;0
2015-11-09;10;9;5;9.0;16.4;17.3;13.4;18.1;8.6;100;68;66;1;4;3;0.2
2015-11-10;9;9;5;15.9;18.3;18.1;17.4;19.2;15.6;57;50;49;4;4;4;0
2015-11-11;4;8;1;15.4;18.9;15.5;17.5;19.8;15.2;62;62;73;4;4;3;0
2015-11-12;0;8;4;10.8;13.2;10.0;12.6;15.5;9.7;84;64;75;2;3;2;0
2015-11-13;4;7;6;4.7;12.0;10.0;8.3;12.3;4.2;96;72;80;1;1;2;0.3
2015-11-14;9;2;9;10.6;12.3;10.4;11.4;13.1;9.7;74;48;58;3;4;3;0.3
2015-11-15;10;10;10;8.6;9.9;12.2;11.5;14.4;8.5;81;87;81;3;3;4;9.8
2015-11-16;9;8;2;14.0;16.9;10.8;13.9;16.9;10.8;63;46;70;4;4;2;0
2015-11-17;9;9;2;14.2;17.1;14.4;13.7;17.4;10.0;52;45;67;4;3;4;0.1
2015-11-18;2;5;0;16.3;19.2;14.0;16.6;19.9;13.3;60;39;57;5;5;2;0
2015-11-19;7;9;9;14.0;17.5;15.5;14.7;18.1;11.3;50;48;52;3;5;3;0.9
2015-11-20;9;10;10;10.9;8.6;40.0;13.1;18.1;8.0;83;90;96;3;1;1;16.2
2015-11-21;10;10;9;5.2;5.8;4.8;6.8;8.9;4.6;84;70;84;3;3;2;Spuren
2015-11-22;8;10;8;3.1;4.7;3.2;4.0;5.1;2.8;81;68;84;3;3;3;0.3
2015-11-23;1;1;6;-0.9;5.2;2.1;2.4;5.9;-1.1;86;56;68;2;4;2;0
2015-11-24;1;1;0;-2.2;4.9;0.3;1.3;5.1;-2.5;88;51;78;1;2;2;0
2015-11-25;1;9;9;-3.9;3.0;1.6;-0.4;3.5;-4.3;91;66;74;1;3;2;0.3
2015-11-26;10;9;9;0.4;3.0;3.5;1.9;3.5;0.2;90;83;83;1;3;3;Spuren
2015-11-27;9;10;10;3.6;40.0;3.5;4.0;4.4;3.5;80;76;69;3;2;2;Spuren
2015-11-28;10;4;10;2.2;5.1;4.0;3.3;5.4;1.2;82;62;80;1;4;4;0.1
2015-11-29;1;9;10;3.6;8.0;8.0;6.2;9.4;2.9;70;60;73;3;4;5;Spuren
2015-11-30;9;10;10;12.0;10.7;10.0;10.0;12.4;7.5;56;76;77;6;5;5;7.8
2015-12-01;6;10;10;10.5;10.3;8.4;10.3;12.4;8.2;74;85;92;6;5;3;17
2015-12-02;10;8;9;6.0;11.3;10.8;8.6;11.6;5.6;95;78;74;1;4;3;Spuren
2015-12-03;9;5;1;8.1;10.4;4.4;7.6;10.9;4.3;82;60;85;2;1;1;0
2015-12-04;4;3;9;2.5;40.0;5.5;5.7;9.7;1.6;97;70;82;1;2;1;0
2015-12-05;5;1;8;5.4;;5.4;7.9;11.2;4.6;88;69;91;1;2;1;Spuren
2015-12-06;10;10;10;2.9;3.0;2.2;3.8;5.4;2.2;98;95;98;2;2;3;Spuren
2015-12-07;10;2;10;1.1;3.9;2.6;2.7;4.5;0.9;99;86;97;2;1;1;Spuren
2015-12-08;10;10;10;2.2;2.7;2.9;2.2;2.9;1.5;99;100;100;2;3;3;Spuren
2015-12-09;10;10;10;2.4;4.5;;4.0;5.7;2.3;92;87;92;1;1;4;2.7
2015-12-10;4;3;2;4.5;7.4;2.2;5.3;8.4;2.2;78;69;92;3;3;2;0
2015-12-11;10;9;10;-2.0;0.6;-1.1;0.2;2.4;-2.1;100;89;98;1;1;1;Spuren
2015-12-12;8;10;9;9.0;9.3;40.0;4.6;10.3;-1.2;62;70;72;4;4;2;Spuren
2015-12-13;8;9;9;1.2;9.2;7.8;5.5;10.4;0.5;95;52;74;0;5;4;0.2
2015-12-14;10;9;10;4.0;5.4;4.1;5.8;8.0;3.6;76;77;76;1;2;2;0
2015-12-15;10;9;10;;5.1;3.8;4.2;5.1;3.2;90;83;90;1;2;1;0
2015-12-16;10;10;10;3.3;3.8;3.7;3.6;4.5;2.6;94;93;94;1;1;2;0.6
2015-12-17;10;10;10;3.3;4.0;3.3;3.7;4.2;3.1;98;97;98;2;2;2;4.1
2015-12-18;10;10;10;2.8;4.3;3.6;3.7;4.5;2.8;100;96;99;1;1;1;Spuren
2015-12-19;10;10;10;2.9;5.0;4.3;4.1;5.6;2.6;100;99;100;1;1;2;Spuren
2015-12-20;10;10;10;4.1;4.4;3.7;4.2;4.8;3.6;100;94;94;2;2;3;Spuren
2015-12-21;10;10;7;3.1;4.3;4.5;3.9;5.0;2.8;93;89;92;2;1;2;0.1
2015-12-22;7;9;9;10.5;13.8;8.1;8.7;14.9;2.5;64;57;79;4;3;0;0
2015-12-23;10;0;5;2.5;13.1;11.4;7.9;13.8;2.0;100;53;60;1;3;3;0
2015-12-24;5;2;9;4.9;8.3;3.5;7.2;11.4;3.0;90;78;94;1;2;2;0
2015-12-25;10;4;10;2.7;4.5;3.8;3.6;4.9;2.2;98;88;97;1;2;1;Spuren
2015-12-26;6;4;0;0.7;10.7;3.9;5.7;10.8;0.6;96;62;95;2;1;1;0
2015-12-27;10;8;8;-0.4;3.4;0.6;1.6;3.9;-0.8;98;82;98;1;1;1;0
2015-12-28;10;1;3;-1.0;6.2;2.7;2.6;6.2;-1.1;100;77;93;1;1;1;0
2015-12-29;9;10;10;2.8;1.9;1.8;3.6;6.4;0.8;94;96;93;2;2;1;0
2015-12-30;10;3;1;1.3;2.5;-0.2;1.1;2.6;-0.4;92;57;53;2;3;3;0
2015-12-31;5;2;9;-4.7;-0.2;-2.5;-2.4;0.0;-4.8;78;68;82;4;3;2;Spuren
